row_id,sequence_index,date,year,time_bin,region_inferred,trigger
1,1,2026-03-06,2026,2016-2026,Africa,2026 Kenya floods
2,3,2026-02-01,2026,2016-2026,Americas,2026 Zona da Mata Mineira floods
3,4,2026-01-06,2026,2016-2026,Europe,2026 Albanian floods
4,6,2025-12-01,2025,2016-2026,Africa,2026 Mozambique floods
5,7,2025-10-16,2025,2016-2026,Americas,2025 Central Vietnam floods
6,8,2025-10-01,2025,2016-2026,Americas,October 2025 Mexico floods and landslides
7,9,2025-10-01,2025,2016-2026,Americas,Q136696155
8,11,2025-09-23,2025,2016-2026,Americas,September 2025 Kolkata cloudburst
9,12,2025-09-23,2025,2016-2026,Americas,2025 Hualien Matai'an Creek Barrier Lake disaster events
10,18,2025-05-20,2025,2016-2026,Americas,2025 New South Wales floods
11,19,2025-05-18,2025,2016-2026,Americas,2025 Accra floods
12,20,2025-05-01,2025,2016-2026,Americas,Q135009676
13,21,2025-03-07,2025,2016-2026,Americas,2025 Bahia Blanca floods
14,22,2025-03-01,2025,2016-2026,Americas,2025 Bolivia floods
15,23,2025-02-01,2025,2016-2026,Americas,2025 Botswana floods
16,24,2025-01-28,2025,2016-2026,Americas,2025 Queensland floods
17,25,2025-01-20,2025,2016-2026,Americas,2025 Pekalongan flood and landslide
18,26,2025-01-12,2025,2016-2026,Americas,2025 Vale do Aço floods
19,27,2025-01-11,2025,2016-2026,Americas,2025 North and Northeast Brazil floods and landslides
20,28,2025-01-01,2025,2016-2026,Europe,2025 United Kingdom floods
21,29,2025-01-01,2025,2016-2026,Middle East,2025 Pakistan floods
22,30,2025-01-01,2025,2016-2026,Americas,Q134893249
23,31,2024-12-27,2024,2016-2026,Americas,Storm surge in the north coast of Peru on 2024-2025
24,32,2024-10-29,2024,2016-2026,Europe,2024 Spain floods
25,33,2024-10-03,2024,2016-2026,Americas,2024 Bosnia and Herzegovina floods
26,34,2024-10-01,2024,2016-2026,Americas,2024 Otago floods
27,35,2024-09-13,2024,2016-2026,Americas,2024 Czech Republic floods
28,36,2024-09-13,2024,2016-2026,Europe,2024 Central European floods
29,37,2024-09-13,2024,2016-2026,Europe,2024 Poland floods
30,38,2024-09-13,2024,2016-2026,Europe,September 2024 Austrian floods
31,39,2024-09-10,2024,2016-2026,Americas,Borno State flooding
32,40,2024-07-29,2024,2016-2026,Americas,Floods in Guinea July 2024
33,41,2024-07-24,2024,2016-2026,Africa,2024 Sudan floods
34,42,2024-07-05,2024,2016-2026,Americas,2024 Dongting Lake dike breach
35,43,2024-07-04,2024,2016-2026,Americas,2024 Lekki flood
36,44,2024-06-11,2024,2016-2026,Americas,June 2024 South Florida floods
37,45,2024-06-01,2024,2016-2026,Europe,June 2024 Germany floods
38,46,2024-06-01,2024,2016-2026,Europe,2024 Switzerland floods
39,47,2024-05-26,2024,2016-2026,Americas,Q126112027
40,48,2024-05-14,2024,2016-2026,Middle East,2024 Mashhad flood
41,49,2024-05-13,2024,2016-2026,Americas,2024 Puerto Williams floods
42,51,2024-04-29,2024,2016-2026,Africa,2024 Mai Mahiu flash flood
43,52,2024-04-28,2024,2016-2026,Americas,2024 Rio Grande do Sul floods
44,53,2024-04-16,2024,2016-2026,Americas,2024 United Arab Emirates floods
45,54,2024-04-16,2024,2016-2026,Americas,2024 Guangdong floods
46,55,2024-04-05,2024,2016-2026,Americas,2024 Orsk Dam collapse
47,56,2024-04-01,2024,2016-2026,Americas,2024 Persian Gulf floods
48,57,2024-03-01,2024,2016-2026,Americas,2024 Papua New Guinea floods
49,58,2024-03-01,2024,2016-2026,Americas,2024 Central Asian floods
50,59,2024-01-01,2024,2016-2026,Americas,2024 European floods
51,60,2024-01-01,2024,2016-2026,Africa,2024 South Sudan floods
52,61,2024-01-01,2024,2016-2026,Americas,2024 Nepal floods
53,62,2024-01-01,2024,2016-2026,Africa,2024 Kenya floods
54,63,2024-01-01,2024,2016-2026,Europe,2024 France floods
55,64,2024-01-01,2024,2016-2026,Americas,Q125769953
56,65,2024-01-01,2024,2016-2026,Africa,2024 Nigeria flood
57,66,2024-01-01,2024,2016-2026,Americas,2024 Chad floods
58,67,2024-01-01,2024,2016-2026,Americas,2024 floods Gadau
59,68,2023-12-24,2023,2016-2026,Americas,Christmas flood 2023
60,69,2023-12-01,2023,2016-2026,Americas,Hochwasser in der Region Hannover (2023)
61,70,2023-11-01,2023,2016-2026,Americas,Q123764073
62,71,2023-10-20,2023,2016-2026,Americas,Storm Babet
63,72,2023-09-24,2023,2016-2026,Americas,2023 Nagpur flood
64,73,2023-09-21,2023,2016-2026,Americas,2023 southern New Zealand floods
65,74,2023-09-07,2023,2016-2026,Americas,2023 Hong Kong rainstorm and flood
66,75,2023-09-04,2023,2016-2026,Americas,2023 Rio Grande do Sul floods
67,76,2023-09-04,2023,2016-2026,Americas,Storm Daniel
68,77,2023-09-01,2023,2016-2026,Americas,Q122460361
69,78,2023-08-04,2023,2016-2026,Americas,August 2023 floods in Austria
70,79,2023-08-03,2023,2016-2026,Americas,August 2023 Mid-South U.S. floods
71,80,2023-08-03,2023,2016-2026,Americas,2023 Carinthia and Slovenia floods
72,81,2023-08-03,2023,2016-2026,Americas,2023 Slovenia floods
73,82,2023-07-29,2023,2016-2026,Americas,2023 North China floods
74,83,2023-07-18,2023,2016-2026,Americas,July 2023 Western Kentucky floods
75,84,2023-07-09,2023,2016-2026,Americas,July 2023 Northeastern United States floods
76,85,2023-07-01,2023,2016-2026,Americas,2023 North India floods
77,86,2023-06-08,2023,2016-2026,Americas,2023 South Korea floods
78,87,2023-06-06,2023,2016-2026,Europe,destruction of the Kakhovka Dam
79,88,2023-06-02,2023,2016-2026,Americas,2023 Haiti floods
80,89,2023-05-02,2023,2016-2026,Americas,2023 Emilia-Romagna floods
81,90,2023-04-12,2023,2016-2026,Americas,2023 Fort Lauderdale floods
82,91,2023-03-15,2023,2016-2026,Americas,2023 Turkish floods
83,92,2023-02-18,2023,2016-2026,Americas,2023 São Paulo floods and landslides
84,93,2023-02-05,2023,2016-2026,Africa,2023 Africa floods
85,94,2023-01-27,2023,2016-2026,Americas,2023 Auckland Anniversary Weekend floods
86,95,2023-01-01,2023,2016-2026,Africa,Floods in Ghana
87,96,2023-01-01,2023,2016-2026,Americas,2023 floods in Europe
88,97,2023-01-01,2023,2016-2026,Africa,"2023 floods in Rwanda, Uganda and the Democratic Republic of the Congo"
89,98,2023-01-01,2023,2016-2026,Americas,2023 Nova Scotia floods
90,99,2023-01-01,2023,2016-2026,Africa,Horn of Africa floods 2023
91,100,2023-01-01,2023,2016-2026,Americas,2023 Nigeria flood
92,101,2022-12-13,2022,2016-2026,Americas,December 2022 floods in Portugal
93,102,2022-10-01,2022,2016-2026,Europe,2022 Greek floods
94,103,2022-10-01,2022,2016-2026,Americas,October 2022 floods in Wagga Wagga
95,104,2022-09-16,2022,2016-2026,Americas,2022 Marche flood
96,105,2022-08-22,2022,2016-2026,Americas,2022 Dallas floods
97,106,2022-08-08,2022,2016-2026,Americas,2022 Central Korean floods
98,107,2022-08-01,2022,2016-2026,Americas,August 2022 floods in Wagga Wagga
99,108,2022-07-24,2022,2016-2026,Americas,July 2022 United States floods
100,109,2022-07-03,2022,2016-2026,Americas,2022 New South Wales floods
101,110,2022-07-01,2022,2016-2026,Middle East,2022 floods in Iran
102,111,2022-07-01,2022,2016-2026,Americas,2022 Gilgit-Baltistan floods
103,112,2022-06-14,2022,2016-2026,Middle East,2022 Pakistan floods
104,113,2022-06-07,2022,2016-2026,Americas,2022 Ankara floods
105,114,2022-06-05,2022,2016-2026,Americas,2022 Accra floods
106,115,2022-06-01,2022,2016-2026,Americas,Flooding in Yagoua in 2022
107,116,2022-05-27,2022,2016-2026,Americas,Floods and landslides on the northeast coast of Brazil in 2022
108,117,2022-05-23,2022,2016-2026,Americas,2022 India–Bangladesh floods
109,118,2022-04-08,2022,2016-2026,Americas,2022 KwaZulu-Natal floods
110,119,2022-04-01,2022,2016-2026,Americas,Floods and landslides in Rio de Janeiro state in March–April 2022
111,120,2022-03-01,2022,2016-2026,Americas,March 2022 Suriname flooding
112,121,2022-02-26,2022,2016-2026,Americas,destruction of the Kozarovytska Dam
113,122,2022-02-15,2022,2016-2026,Americas,2022 Petrópolis floods
114,123,2022-01-31,2022,2016-2026,Americas,2022 Haiti floods
115,124,2022-01-28,2022,2016-2026,Americas,2022 Brazil floods and landslides
116,125,2022-01-28,2022,2016-2026,Americas,2021-2022 summer floods in São Paulo
117,126,2022-01-17,2022,2016-2026,Americas,January 2022 Montevideo Flood
118,127,2022-01-10,2022,2016-2026,Americas,2022 East London floods
119,128,2022-01-01,2022,2016-2026,Africa,2022 Sudan floods
120,129,2022-01-01,2022,2016-2026,Africa,2022 Nigeria floods
121,130,2022-01-01,2022,2016-2026,Americas,2022 Bayelsa State floods
122,131,2022-01-01,2022,2016-2026,Americas,Q135008659
123,132,2021-12-17,2021,2016-2026,Americas,December 2021 Malaysian floods
124,133,2021-12-07,2021,2016-2026,Americas,Late December 2021 Bahia floods
125,134,2021-11-12,2021,2016-2026,Americas,November 2021 Pacific Northwest floods
126,135,2021-09-07,2021,2016-2026,Americas,2021 Tula River floods
127,136,2021-08-21,2021,2016-2026,Americas,August 2021 Henan Rainstorm
128,137,2021-08-11,2021,2016-2026,Middle East,2021 Turkish floods
129,138,2021-08-11,2021,2016-2026,Americas,August 2021 Japan floods
130,139,2021-08-06,2021,2016-2026,Americas,2021 Taiwan heavy rainfalls
131,140,2021-07-28,2021,2016-2026,Middle East,2021 Islamabad flooding
132,141,2021-07-22,2021,2016-2026,Americas,2021 Maharashtra floods
133,142,2021-07-17,2021,2016-2026,Americas,2021 Henan floods
134,143,2021-07-14,2021,2016-2026,Europe,Flooding of the Ahr in 2021
135,144,2021-07-12,2021,2016-2026,Americas,2021 European floods
136,145,2021-07-01,2021,2016-2026,Americas,Floods in Belgium in 2021
137,146,2021-06-01,2021,2016-2026,Americas,2021 Melamchi flood
138,147,2021-05-01,2021,2016-2026,Americas,May 2021 South Central United States flooding
139,148,2021-03-18,2021,2016-2026,Americas,March 2021 Australian floods
140,149,2021-03-01,2021,2016-2026,Americas,2021 floods in Indonesia and East Timor
141,150,2021-02-07,2021,2016-2026,Americas,2021 Uttarakhand glacial outburst flood
142,151,2021-01-09,2021,2016-2026,Americas,2021 South Kalimantan floods
143,152,2021-01-01,2021,2016-2026,Americas,2021 German floods
144,153,2021-01-01,2021,2016-2026,Americas,2021 China floods
145,154,2021-01-01,2021,2016-2026,Americas,2020–21 Malaysian floods
146,155,2021-01-01,2021,2016-2026,Americas,Eastern Black Sea floods (2021)
147,156,2020-10-01,2020,2016-2026,Americas,2020 southeastern Mexico floods
148,157,2020-08-25,2020,2016-2026,Americas,2020 Karachi floods
149,158,2020-08-17,2020,2016-2026,Americas,2020 Yangtze Flood No.5
150,159,2020-08-09,2020,2016-2026,Europe,2020 Evia floods
151,160,2020-07-15,2020,2016-2026,Americas,Q97500602
152,161,2020-07-03,2020,2016-2026,Americas,2020 Kyushu floods
153,162,2020-06-01,2020,2016-2026,Americas,2020 Korean floods
154,163,2020-05-01,2020,2016-2026,Americas,2020 China floods
155,164,2020-03-01,2020,2016-2026,Americas,2020 East Africa floods
156,165,2020-02-01,2020,2016-2026,Americas,2020 Pacific Northwest floods
157,166,2020-01-01,2020,2016-2026,Africa,2020 Sudan floods
158,167,2020-01-01,2020,2016-2026,Americas,2020 Vietnamese floods
159,168,2020-01-01,2020,2016-2026,Americas,2020 Jakarta floods
160,169,2020-01-01,2020,2016-2026,Americas,Flood in Dili
161,170,2020-01-01,2020,2016-2026,Americas,2020 Yangtze Flood No.1
162,171,2020-01-01,2020,2016-2026,Americas,2020 Fort Payne flood
163,172,2020-01-01,2020,2016-2026,Americas,2020 Yangtze Flood No.2
164,173,2020-01-01,2020,2016-2026,Americas,2020 Yangtze Flood No.3
165,174,2020-01-01,2020,2016-2026,Americas,2020 Yangtze Flood No.4
166,175,2020-01-01,2020,2016-2026,Americas,Yangtze River floods in 2020
167,176,2019-11-07,2019,2016-2026,Americas,2019 England floods
168,177,2019-10-22,2019,2016-2026,Americas,2019 Francolí flood
169,178,2019-09-11,2019,2016-2026,Americas,2019 Spanish floods
170,179,2019-08-01,2019,2016-2026,Americas,2019 Kerala floods
171,180,2019-08-01,2019,2016-2026,Americas,2019 Karnataka floods
172,181,2019-08-01,2019,2016-2026,Americas,2019 Indian floods
173,182,2019-06-25,2019,2016-2026,Europe,Irkutsk Oblast flood (2019)
174,183,2019-06-01,2019,2016-2026,Americas,June 2019 Southern and Southeastern U.S. flooding
175,184,2019-05-29,2019,2016-2026,Americas,2019 Vietnam floods
176,185,2019-05-01,2019,2016-2026,Americas,2019 Arkansas River floods
177,186,2019-05-01,2019,2016-2026,Americas,Q135008588
178,187,2019-04-18,2019,2016-2026,Americas,2019 Durban Easter floods
179,188,2019-04-01,2019,2016-2026,Americas,2019 Quebec floods
180,189,2019-03-16,2019,2016-2026,Americas,2019 Jayapura flood and landslide
181,190,2019-03-01,2019,2016-2026,Americas,2019 Iran Floods
182,191,2019-03-01,2019,2016-2026,Middle East,2019 Mazandaran & Golestan flood
183,192,2019-03-01,2019,2016-2026,Americas,2019 Shiraz flood
184,193,2019-02-01,2019,2016-2026,Middle East,2019 Pakistan floods and storms
185,194,2019-01-23,2019,2016-2026,Americas,2019 Townsville flood
186,195,2019-01-22,2019,2016-2026,Americas,2019 South Sulawesi floods
187,196,2019-01-01,2019,2016-2026,Americas,2019 Nepal floods
188,197,2018-12-22,2018,2016-2026,Americas,2018 Northern Province floods
189,198,2018-10-29,2018,2016-2026,Americas,Sea storm in Liguria on 29-30 October 2018
190,199,2018-10-26,2018,2016-2026,Americas,Q114905070
191,200,2018-10-25,2018,2016-2026,Middle East,Q57758371
192,201,2018-10-19,2018,2016-2026,Americas,2018 Trinidad and Tobago floods
193,202,2018-10-15,2018,2016-2026,Americas,October 2018 flood in Aude département
194,203,2018-10-09,2018,2016-2026,Americas,2018 Mallorca floods
195,204,2018-08-28,2018,2016-2026,Americas,2018 North Korean floods
196,205,2018-08-19,2018,2016-2026,Americas,2018 Shouguang flood
197,206,2018-08-01,2018,2016-2026,Americas,2018 Kerala floods
198,207,2018-08-01,2018,2016-2026,Americas,2018 Venezuela floods
199,208,2018-08-01,2018,2016-2026,Americas,late August 2018 Taiwan flood
200,209,2018-06-28,2018,2016-2026,Americas,2018 Japan floods
201,210,2018-06-23,2018,2016-2026,Americas,2018 Vietnam Floods
202,211,2018-06-23,2018,2016-2026,Americas,2018 Vietnam floods
203,212,2018-05-27,2018,2016-2026,Americas,2018 Maryland flood
204,213,2018-05-19,2018,2016-2026,Americas,2018 Sri Lanka floods
205,214,2018-04-26,2018,2016-2026,Americas,Tzafit River disaster
206,215,2018-03-01,2018,2016-2026,Americas,2018 East Africa floods
207,216,2018-01-27,2018,2016-2026,Americas,2018 Paris flood
208,217,2018-01-01,2018,2016-2026,Africa,2018 Sudan floods
209,218,2018-01-01,2018,2016-2026,Americas,2018 Broome flood
210,219,2018-01-01,2018,2016-2026,Africa,Q57252796
211,220,2017-11-15,2017,2016-2026,Americas,Medicane Euredike
212,221,2017-10-29,2017,2016-2026,Americas,Storm Herwart
213,222,2017-10-08,2017,2016-2026,Americas,Bishan tunnel flooding
214,223,2017-09-09,2017,2016-2026,Americas,2017 Livorno floods
215,224,2017-09-01,2017,2016-2026,Americas,2017 Benue State flooding
216,225,2017-08-14,2017,2016-2026,Americas,Sierra Leone mudslides
217,226,2017-08-01,2017,2016-2026,Americas,2017 Karachi floods
218,227,2017-08-01,2017,2016-2026,Americas,Hurricane Harvey floods
219,228,2017-07-31,2017,2016-2026,Americas,2017 Gujarat flood
220,229,2017-07-15,2017,2016-2026,Americas,2017 Payson flash floods
221,230,2017-07-05,2017,2016-2026,Europe,2017 Northern Kyushu Flood
222,234,2017-04-25,2017,2016-2026,Europe,Pepsi Fruit Juice Flood
223,238,2016-12-01,2016,2016-2026,Americas,2017 Southern Thailand floods
224,241,2016-08-06,2016,2016-2026,Americas,2016 Macedonian floods
225,242,2016-07-25,2016,2016-2026,Africa,2016 South Africa floods
226,243,2016-06-23,2016,2016-2026,Americas,2016 West Virginia flood
227,244,2016-06-09,2016,2016-2026,Africa,2016 Accra floods
228,245,2016-06-05,2016,2016-2026,Americas,2016 United Kingdom floods
229,248,2016-05-01,2016,2016-2026,Americas,2016 European floods
230,249,2016-03-10,2016,2016-2026,Americas,2016 São Paulo flood and mudslide
231,250,2016-02-01,2016,2016-2026,Americas,2016 Malaysian floods
232,251,2015-11-08,2015,2006-2015,Americas,November 2015 South Indian floods
233,252,2015-10-15,2015,2006-2015,Americas,Q27961030
234,253,2015-09-09,2015,2006-2015,Americas,2015 Kanto-Tohoku Flood
235,254,2015-07-27,2015,2006-2015,Americas,July 2015 Gujarat flood
236,256,2015-06-27,2015,2006-2015,Americas,2015 Philmont Scout Ranch flash flood
237,257,2015-06-23,2015,2006-2015,Americas,2015 Gujarat flood
238,258,2015-06-14,2015,2006-2015,Americas,2015 Tbilisi flood
239,259,2015-06-01,2015,2006-2015,Americas,2015 Louisiana floods
240,260,2015-03-24,2015,2006-2015,Americas,2015 northern Chile rainstorms
241,261,2015-03-04,2015,2006-2015,Africa,2015 Tanzania flood
242,262,2015-01-17,2015,2006-2015,Americas,2015 East Malaysian floods
243,263,2015-01-01,2015,2006-2015,Europe,Q20468830
244,264,2015-01-01,2015,2006-2015,Americas,2015 Kashechewan Flooding
245,265,2015-01-01,2015,2006-2015,Africa,2015 Southeast Africa floods
246,266,2015-01-01,2015,2006-2015,Americas,2015 Accra floods
247,267,2014-11-05,2014,2006-2015,Americas,2014 Cameron Highlands mud floods
248,268,2014-10-09,2014,2006-2015,Americas,Genoa 2014 flood
249,269,2014-08-04,2014,2006-2015,Americas,2014 Likely flood
250,270,2014-07-01,2014,2006-2015,Americas,2014 Assiniboine River flood
251,271,2014-06-19,2014,2006-2015,Americas,2014 Bulgarian floods
252,272,2014-05-13,2014,2006-2015,Americas,2014 Southeast Europe floods
253,273,2014-03-01,2014,2006-2015,Africa,2014 Southern Africa floods
254,274,2014-01-13,2014,2006-2015,Americas,Early 2014 Sabah floods
255,275,2014-01-01,2014,2006-2015,Americas,2014 Northern Ontario flood
256,276,2013-12-04,2013,2006-2015,Americas,Cyclone Xaver
257,277,2013-12-01,2013,2006-2015,Americas,Winter flooding of 2013–14 on the Somerset Levels
258,278,2013-11-17,2013,2006-2015,Americas,2013 Sardinia floods
259,279,2013-11-01,2013,2006-2015,Americas,Humanitarian response to Typhoon Haiyan
260,280,2013-10-03,2013,2006-2015,Americas,October 2013 North American storm complex
261,281,2013-09-11,2013,2006-2015,Americas,2013 Colorado floods
262,282,2013-08-10,2013,2006-2015,Europe,2013 China–Russia floods
263,283,2013-08-01,2013,2006-2015,Middle East,2013 Afghanistan–Pakistan floods
264,284,2013-08-01,2013,2006-2015,Americas,2013 Southeast Asian floods
265,285,2013-07-01,2013,2006-2015,Americas,2013 China flood
266,286,2013-06-20,2013,2006-2015,Americas,2013 Flooding in Niederweiler
267,287,2013-06-19,2013,2006-2015,Americas,2013 Alberta floods
268,288,2013-06-18,2013,2006-2015,Americas,2013 Pyrenees floods at Bastan
269,289,2013-06-01,2013,2006-2015,Americas,2013 North India floods
270,290,2013-06-01,2013,2006-2015,Americas,2013 Assam floods
271,291,2013-05-29,2013,2006-2015,Americas,2013 Vltava flood
272,292,2013-05-28,2013,2006-2015,Americas,2013 European floods
273,293,2013-04-02,2013,2006-2015,Americas,La Plata flooding in 2013
274,294,2013-04-01,2013,2006-2015,Americas,2013 Argentina floods
275,295,2013-01-15,2013,2006-2015,Americas,"Basque Country floods, January 2013"
276,296,2013-01-01,2013,2006-2015,Americas,1957 Valencia flood
277,297,2013-01-01,2013,2006-2015,Americas,2013 Sudan floods
278,298,2012-11-12,2012,2006-2015,Europe,Q3612680
279,299,2012-10-01,2012,2006-2015,Europe,2012 floods in Finland
280,300,2012-09-01,2012,2006-2015,Middle East,2012 Pakistan floods
281,301,2012-08-10,2012,2006-2015,Americas,Flooding in Yagoua in 2012
282,302,2012-08-10,2012,2006-2015,Americas,Flooding in Maga in 2012
283,303,2012-07-21,2012,2006-2015,Americas,July 2012 Beijing flood
284,304,2012-07-19,2012,2006-2015,Americas,2012 North Korean floods
285,305,2012-07-06,2012,2006-2015,Americas,2012 Krasnodar Krai floods
286,306,2012-05-01,2012,2006-2015,Middle East,2012 Romanian floods
287,307,2012-03-01,2012,2006-2015,Americas,March 2012 floods in Wagga Wagga
288,308,2012-02-06,2012,2006-2015,Americas,Q20497143
289,309,2012-01-01,2012,2006-2015,Americas,2012 Philippines flooding
290,310,2012-01-01,2012,2006-2015,Americas,2012 Great Britain and Ireland floods
291,311,2011-11-27,2011,2006-2015,Africa,2011 South Africa floods
292,312,2011-11-22,2011,2006-2015,Americas,Cyclone Berit
293,313,2011-11-04,2011,2006-2015,Americas,"Basque Country floods, November 2011"
294,314,2011-10-25,2011,2006-2015,Americas,Q3612684
295,315,2011-10-07,2011,2006-2015,Americas,Floods in Costa Rica
296,316,2011-10-01,2011,2006-2015,Europe,2011 European floods
297,317,2011-10-01,2011,2006-2015,Americas,2011 Southeast Asian floods
298,318,2011-08-11,2011,2006-2015,Americas,2011 Sindh floods
299,319,2011-08-01,2011,2006-2015,Americas,2011 Kohistan floods
300,320,2011-07-31,2011,2006-2015,Americas,2011 Thailand floods
301,321,2011-07-25,2011,2006-2015,Americas,2011 Seoul floods
302,322,2011-06-20,2011,2006-2015,Americas,2011 Mississippi River floods
303,323,2011-06-01,2011,2006-2015,Americas,2011 China floods
304,324,2011-05-21,2011,2006-2015,Americas,2011 Musselshell River flood
305,325,2011-04-01,2011,2006-2015,Americas,2011 Assiniboine River flood
306,326,2011-04-01,2011,2006-2015,Americas,2011 Colombia floods
307,327,2011-04-01,2011,2006-2015,Americas,2011 Red River flood
308,328,2011-04-01,2011,2006-2015,Americas,2011 Lake Champlain and Richelieu River floods
309,329,2011-03-01,2011,2006-2015,Americas,2011 Wollongong floods
310,330,2011-03-01,2011,2006-2015,Americas,The 2011 flood in the Marche and Romagna
311,331,2011-01-26,2011,2006-2015,Americas,2010–2011 Queensland floods
312,332,2011-01-24,2011,2006-2015,Africa,2010–2011 Southern Africa floods
313,333,2011-01-17,2011,2006-2015,Americas,January 2011 Rio de Janeiro floods and mudslides
314,334,2011-01-12,2011,2006-2015,Americas,Early 2011 Victorian floods
315,335,2011-01-01,2011,2006-2015,Americas,2011 Missouri River Flood
316,336,2011-01-01,2011,2006-2015,Americas,2011 Souris River flood
317,337,2011-01-01,2011,2006-2015,Americas,Floods in Thailand in early 2011
318,338,2011-01-01,2011,2006-2015,Americas,2011 Southern Africa floods
319,339,2010-12-01,2010,2006-2015,Europe,Flooding in the Balkans
320,340,2010-11-01,2010,2006-2015,Americas,Cyclone Carmen
321,341,2010-10-31,2010,2006-2015,Americas,Q3612678
322,342,2010-10-06,2010,2006-2015,Americas,2010 West Papua floods
323,343,2010-10-04,2010,2006-2015,Americas,Ajka alumina plant accident
324,344,2010-10-04,2010,2006-2015,Americas,Genoa 2010 flood
325,345,2010-10-01,2010,2006-2015,Americas,2010 floods in Thailand and north Malaysia
326,346,2010-09-23,2010,2006-2015,Americas,September 2010 Minnesota-Wisconsin flood
327,347,2010-09-19,2010,2006-2015,Americas,2010 Slovenia floods
328,348,2010-09-01,2010,2006-2015,Americas,2010 Victorian floods
329,349,2010-08-24,2010,2006-2015,Americas,2010 West African floods
330,350,2010-08-07,2010,2006-2015,Americas,2010 floods in Bogatynia
331,351,2010-08-06,2010,2006-2015,Americas,2010 Ladakh floods
332,352,2010-08-06,2010,2006-2015,Americas,Q12046591
333,353,2010-08-01,2010,2006-2015,Americas,2010 Schwarze Elster flood
334,354,2010-07-05,2010,2006-2015,Middle East,2010 Romanian floods
335,355,2010-07-01,2010,2006-2015,Europe,2010 Milwaukee flood
336,356,2010-07-01,2010,2006-2015,Americas,2010 Pakistan flood
337,357,2010-06-22,2010,2006-2015,Americas,2010 northeastern Brazil floods
338,358,2010-06-15,2010,2006-2015,Americas,floods in the years 2010 in the Var
339,359,2010-06-11,2010,2006-2015,Americas,2010 Arkansas floods
340,360,2010-05-15,2010,2006-2015,Americas,2010 Oder flood
341,361,2010-05-14,2010,2006-2015,Europe,2010 Central European floods
342,362,2010-05-10,2010,2006-2015,Americas,2010 China floods
343,363,2010-05-07,2010,2006-2015,Americas,2010 Tennessee floods
344,364,2010-04-05,2010,2006-2015,Americas,April 2010 Rio de Janeiro floods and mudslides
345,365,2010-03-11,2010,2006-2015,Americas,Kyzyl-Agash Dam failure
346,366,2010-03-01,2010,2006-2015,Americas,March 2010 Queensland floods
347,367,2010-02-26,2010,2006-2015,Europe,Cyclone Xynthia
348,368,2010-02-20,2010,2006-2015,Americas,2010 Madeira floods and mudslides
349,369,2010-02-01,2010,2006-2015,Americas,2010 Tenerife flood
350,370,2010-01-01,2010,2006-2015,Americas,2010 Gascoyne River flood
351,371,2009-12-01,2009,2006-2015,Europe,2010 Albania floods
352,372,2009-11-25,2009,2006-2015,Americas,2009 Jeddah floods
353,373,2009-11-20,2009,2006-2015,Americas,2009 Workington floods
354,374,2009-09-17,2009,2006-2015,Americas,2009 Luoding flood
355,375,2009-08-06,2009,2006-2015,Americas,August 8 Flood
356,376,2009-07-27,2009,2006-2015,Americas,2009 India floods
357,377,2009-07-19,2009,2006-2015,Americas,2009 Karachi floods
358,378,2009-06-23,2009,2006-2015,Americas,Flood in the Czech Republic (2009)
359,379,2009-06-01,2009,2006-2015,Africa,2009 West Africa floods
360,380,2009-05-16,2009,2006-2015,Americas,2009 Alaska floods
361,381,2009-05-08,2009,2006-2015,Americas,2009 Brazilian floods and mudslides
362,382,2009-03-01,2009,2006-2015,Africa,"2009 Angola, Namibia and Zambia floods"
363,383,2009-01-01,2009,2006-2015,Americas,2009 North Dakota floods
364,384,2009-01-01,2009,2006-2015,Americas,2009 Southeastern United States floods
365,385,2009-01-01,2009,2006-2015,Americas,2009 Great Britain and Ireland floods
366,386,2009-01-01,2009,2006-2015,Europe,2009 European floods
367,387,2009-01-01,2009,2006-2015,Americas,2009 Turkish flash floods
368,388,2008-12-22,2008,2006-2015,Americas,Kingston Fossil Plant coal fly ash slurry spill
369,389,2008-12-16,2008,2006-2015,Americas,2008 Papua New Guinea floods
370,390,2008-11-01,2008,2006-2015,Americas,2008 Santa Catarina floods
371,391,2008-10-01,2008,2006-2015,Americas,2008 Benin floods
372,392,2008-08-01,2008,2006-2015,Americas,2008 Tanana Valley flood
373,393,2008-06-01,2008,2006-2015,Americas,June 2008 Midwest floods
374,394,2008-05-26,2008,2006-2015,Americas,2008 South China floods
375,395,2008-05-01,2008,2006-2015,Americas,2008 Saint John River Flood
376,396,2008-03-18,2008,2006-2015,Americas,Early Spring 2008 Midwest floods
377,397,2008-01-24,2008,2006-2015,Africa,2008 South Africa floods
378,398,2008-01-01,2008,2006-2015,Americas,2008 Indian floods
379,399,2008-01-01,2008,2006-2015,Americas,Floods in the coastal region of Ecuador in 2008
380,400,2007-11-09,2007,2006-2015,Europe,North Sea flood of 2007
381,401,2007-11-01,2007,2006-2015,Americas,2007 Tabasco flood
382,402,2007-09-14,2007,2006-2015,Americas,2007 African floods
383,403,2007-08-01,2007,2006-2015,Americas,2007 Midwest flooding
384,404,2007-08-01,2007,2006-2015,Americas,2007 North Korean floods
385,405,2007-07-03,2007,2006-2015,Americas,2007 Sudan floods
386,406,2007-06-14,2007,2006-2015,Europe,2007 United Kingdom floods
387,407,2007-06-01,2007,2006-2015,Americas,June 2007 Texas flooding
388,408,2007-03-01,2007,2006-2015,Americas,March 2007 floods in Coastal Argentina
389,409,2007-02-22,2007,2006-2015,Americas,2007 Mozambican flood
390,410,2007-01-01,2007,2006-2015,Americas,2007 South Asian floods
391,411,2007-01-01,2007,2006-2015,Africa,2007 floods in Tunisia
392,412,2007-01-01,2007,2006-2015,Americas,2007 Santa Fe flood
393,413,2006-12-18,2006,2006-2015,Americas,2006–07 Southeast Asian floods
394,414,2006-12-12,2006,2006-2015,Americas,Flood in Göteborg in 2006
395,415,2006-11-01,2006,2006-2015,Europe,All Saints' Day flood (2006)
396,416,2006-07-01,2006,2006-2015,Americas,2006 North Korean floods
397,417,2006-05-01,2006,2006-2015,Americas,2006 Suriname floods
398,418,2006-04-01,2006,2006-2015,Europe,2006 European floods
399,419,2006-03-25,2006,2006-2015,Americas,Flood in the Czech Republic
400,420,2006-03-01,2006,2006-2015,Americas,Elbe flood 2006
401,421,2006-01-01,2006,2006-2015,Americas,New England Flood of May 2006
402,422,2005-11-01,2005,1996-2005,Americas,2005 Chennai floods
403,423,2005-08-01,2005,1996-2005,Americas,2005 European floods
404,424,2005-07-12,2005,1996-2005,Europe,Q114054882
405,425,2005-06-10,2005,1996-2005,Americas,Shalan Town Flood of 2005
406,426,2005-01-01,2005,1996-2005,Americas,Northeast U.S. flooding of October 2005
407,427,2005-01-01,2005,1996-2005,Americas,2005 Gujarat Flood
408,428,2005-01-01,2005,1996-2005,Americas,2005 floods in Africa
409,429,2004-08-16,2004,1996-2005,Middle East,"Boscastle flood of 2004, England, UK"
410,430,2004-07-18,2004,1996-2005,Americas,Q11482808
411,431,2004-07-13,2004,1996-2005,Americas,Q11482807
412,432,2004-05-18,2004,1996-2005,Americas,May 2004 Caribbean floods
413,433,2003-09-23,2003,1996-2005,Americas,The flood of Carrara
414,434,2003-08-30,2003,1996-2005,Americas,Jacobs Creek Flood
415,435,2003-04-27,2003,1996-2005,Americas,2003 Santa Fe flood
416,436,2002-08-12,2002,1996-2005,Americas,Flood in Pirna 2002
417,437,2002-08-06,2002,1996-2005,Americas,Flood in the Czech Republic (2002)
418,438,2002-08-05,2002,1996-2005,Americas,2002 European floods
419,439,2002-07-01,2002,1996-2005,Americas,2002 Glasgow floods
420,440,2002-03-31,2002,1996-2005,Americas,Tenerife flood of 2002
421,441,2002-02-01,2002,1996-2005,Americas,2002 La Paz floods
422,442,2001-12-19,2001,1996-2005,Americas,2001 KwaZulu-Natal floods
423,443,2001-12-11,2001,1996-2005,Americas,2001 Mpumalanga floods
424,444,2001-07-09,2001,1996-2005,Americas,2001 flood in Gdańsk
425,445,2001-07-01,2001,1996-2005,Europe,Q16590707
426,446,2001-05-01,2001,1996-2005,Americas,2001 flood in Lensk
427,447,2001-01-01,2001,1996-2005,Americas,Q17625441
428,448,2000-10-23,2000,1996-2005,Americas,2000 Cartagena flood
429,449,2000-07-01,2000,1996-2005,Americas,Floods in Sweden in 2000
430,450,2000-02-01,2000,1996-2005,Africa,2000 Mozambique flood
431,451,2000-01-01,2000,1996-2005,Americas,2000 India-Bangladesh floods
432,452,1999-12-02,1999,1996-2005,Americas,Cyclone Anatol
433,453,1999-09-01,1999,1996-2005,Americas,October 1999 Mexico floods
434,454,1999-05-01,1999,1996-2005,Americas,1999 Pentecost flood
435,455,1999-01-01,1999,1996-2005,Americas,1999 Vietnamese floods
436,456,1998-11-01,1998,1996-2005,Americas,Повінь на Закарпатті 1998 року
437,457,1998-09-01,1998,1996-2005,Americas,Q14517906
438,458,1998-07-22,1998,1996-2005,Americas,Q12046588
439,459,1998-05-05,1998,1996-2005,Americas,1998 Sarno and Quindici landslides
440,460,1998-03-01,1998,1996-2005,Africa,1998 South Africa floods
441,461,1998-01-10,1998,1996-2005,Americas,1998 Townsville floods
442,462,1998-01-01,1998,1996-2005,Americas,October 1998 Central Texas floods
443,463,1997-11-05,1997,1996-2005,Americas,1997 Badajoz floods
444,464,1997-09-30,1997,1996-2005,Americas,1997 Alicante flood
445,465,1997-07-12,1997,1996-2005,Europe,1997 flood in Wrocław
446,466,1997-07-05,1997,1996-2005,Americas,1997 Central European flood
447,467,1997-07-01,1997,1996-2005,Americas,Q41862152
448,468,1997-06-26,1997,1996-2005,Africa,1997 South Africa floods
449,469,1997-06-01,1997,1996-2005,Americas,Q135008131
450,470,1997-01-01,1997,1996-2005,Americas,1997 Red River Flood in the United States
451,471,1997-01-01,1997,1996-2005,Americas,1997 Red River Flood
452,472,1996-12-26,1996,1996-2005,Americas,1997 California New Years Floods
453,473,1996-10-14,1996,1996-2005,Europe,Q3612689
454,474,1996-08-07,1996,1996-2005,Americas,1996 Biescas flood
455,475,1996-07-19,1996,1996-2005,Americas,Saguenay Flood
456,476,1996-06-19,1996,1996-2005,Americas,Q3612682
457,477,1996-02-09,1996,1996-2005,Americas,1996 Free State floods
458,478,1996-02-06,1996,1996-2005,Americas,1996 Limpopo floods
459,479,1996-01-01,1996,1996-2005,Americas,Willamette Valley Flood of 1996
460,480,1995-12-24,1995,1986-1995,Africa,1995 South Africa floods
461,481,1995-07-11,1995,1986-1995,Americas,July 11 Flood
462,482,1995-06-01,1995,1986-1995,Europe,The flood in Eastern Norway 1995 (Vesleofsen)
463,483,1995-05-07,1995,1986-1995,Americas,May 1995 Louisiana flood
464,484,1995-03-13,1995,1986-1995,Americas,The flood of Acireale and Giarre
465,485,1995-01-31,1995,1986-1995,Americas,Evacuation of the River Land
466,486,1994-11-05,1994,1986-1995,Europe,Q3612677
467,487,1994-10-10,1994,1986-1995,Europe,10 October 1994 flood
468,488,1994-06-24,1994,1986-1995,Africa,1994 South Africa floods
469,489,1994-01-28,1994,1986-1995,Americas,Januarflut 1994
470,490,1993-12-01,1993,1986-1995,Americas,Q3960023
471,491,1993-10-06,1993,1986-1995,Africa,1993 South Africa floods
472,492,1993-09-08,1993,1986-1995,Americas,Q55702082
473,493,1993-04-01,1993,1986-1995,Americas,Great Flood of 1993
474,494,1992-09-22,1992,1986-1995,Americas,Savona province flood of 22 September 1992
475,495,1991-11-15,1991,1986-1995,Americas,Campi Bisenzio flood of 15 November 1991
476,496,1991-01-01,1991,1986-1995,Americas,Eastern China flood of 1991
477,497,1990-09-01,1990,1986-1995,Americas,1990 Hanjiang River flood
478,498,1988-10-03,1988,1986-1995,Europe,Q86661113
479,499,1987-09-25,1987,1986-1995,Africa,1987 South Africa floods
480,500,1987-07-14,1987,1986-1995,Americas,Montreal Flood of 1987
481,501,1987-07-01,1987,1986-1995,Americas,1987 Comfort flood
482,502,1987-03-01,1987,1986-1995,Americas,Maine Flood of 1987
483,503,1987-01-01,1987,1986-1995,Americas,The flood in the Sandvik watercourse
484,504,1986-08-05,1986,1986-1995,Americas,August 5 Flood
485,505,1986-05-24,1986,1986-1995,Americas,1986 Jamaica floods
486,506,1986-05-16,1986,1986-1995,Americas,1986 Winisk Flood
487,507,1985-11-01,1985,1976-1985,Americas,1985 Election day floods
488,508,1985-05-01,1985,1976-1985,Americas,Q94346158
489,509,1985-01-01,1985,1976-1985,Americas,1985 Puerto Rico floods
490,510,1984-06-21,1984,1976-1985,Americas,Fronleichnamsflut
491,511,1983-11-07,1983,1976-1985,Europe,Flood of November 1983
492,512,1983-08-25,1983,1976-1985,Americas,1983 Spanish floods
493,514,1983-01-01,1983,1976-1985,Americas,1983 Formosa floods
494,515,1982-11-07,1982,1976-1985,Americas,1982 Segre basin floods
495,516,1982-11-07,1982,1976-1985,Americas,1982 flood in Berguedà
496,517,1982-10-20,1982,1976-1985,Americas,Tous dam failure
497,518,1982-01-01,1982,1976-1985,Americas,1982–83 Paraguay floods
498,519,1981-11-25,1981,1976-1985,Americas,Flood of November 1981
499,520,1981-01-25,1981,1976-1985,Americas,Laingsburg flood
500,521,1981-01-01,1981,1976-1985,Americas,Weserdurchbruch 1981
501,522,1980-04-01,1980,1976-1985,Americas,1980 Necochea-Quequén floods
502,523,1979-04-01,1979,1976-1985,Americas,1979 Easter flood
503,524,1978-12-02,1978,1976-1985,Americas,1978 Singapore flood
504,525,1978-01-11,1978,1976-1985,Americas,1978 North Sea storm surge
505,526,1977-08-21,1977,1976-1985,Americas,1977 Prudnik flood
506,527,1976-09-12,1976,1976-1985,Americas,September 12 Flood
507,528,1976-01-20,1976,1976-1985,Americas,Q15855877
508,529,1976-01-01,1976,1976-1985,Europe,Gale of January 1976
509,530,1975-09-30,1975,1966-1975,Americas,Q65252374
510,531,1975-08-08,1975,1966-1975,Americas,1975 Banqiao Dam failure
511,532,1975-01-01,1975,1966-1975,Americas,Q111917712
512,533,1974-01-29,1974,1966-1975,Americas,1974 Brisbane flood
513,534,1973-11-13,1973,1966-1975,Americas,Q1415960
514,535,1973-10-17,1973,1966-1975,Americas,1973 Rambla Nogalte flood
515,536,1973-03-01,1973,1966-1975,Americas,Mississippi Flood of 1973
516,537,1972-06-09,1972,1966-1975,Americas,1972 Black Hills flood
517,538,1972-02-26,1972,1966-1975,Americas,Buffalo Creek Flood
518,539,1971-09-20,1971,1966-1975,Europe,20 September 1971 floods
519,540,1971-01-26,1971,1966-1975,Americas,1971 Canberra flood
520,541,1971-01-01,1971,1966-1975,Americas,1971 Kuala Lumpur floods
521,542,1970-10-07,1970,1966-1975,Americas,Q3612691
522,543,1970-08-14,1970,1966-1975,Americas,1970 Alvaldo Flood
523,544,1970-06-09,1970,1966-1975,Americas,Q12046580
524,545,1970-05-01,1970,1966-1975,Middle East,1970 floods in Romania
525,546,1970-05-01,1970,1966-1975,Americas,Q1487627
526,547,1968-09-01,1968,1966-1975,Americas,Great Flood of 1968
527,548,1968-07-10,1968,1966-1975,Americas,Chew Stoke flood of 1968
528,549,1967-11-25,1967,1966-1975,Europe,1967 Portugal floods
529,550,1967-08-26,1967,1966-1975,Americas,1967 Uetsu flood
530,551,1967-03-18,1967,1966-1975,Americas,1967 floods and landslides in Caraguatatuba
531,552,1966-11-04,1966,1966-1975,Europe,1966 Flood in Venice
532,553,1966-11-04,1966,1966-1975,Americas,1966 flood of the Arno
533,554,1966-11-04,1966,1966-1975,Americas,Grosseto flood of 4 November 1966
534,555,1966-07-17,1966,1966-1975,Americas,1966 Kaetsu flood
535,556,1966-06-12,1966,1966-1975,Americas,1966 Hong Kong floods
536,557,1966-05-01,1966,1966-1975,Americas,Q61465969
537,558,1966-05-01,1966,1966-1975,Americas,Q62739993
538,559,1965-07-01,1965,1956-1965,Americas,flood disaster
539,560,1965-01-01,1965,1956-1965,Americas,Q134548316
540,561,1962-11-16,1962,1956-1965,Americas,1962 Flood in Skopje
541,562,1962-09-25,1962,1956-1965,Americas,1962 Vallés floods
542,563,1962-02-16,1962,1956-1965,Americas,North Sea flood of 1962
543,564,1961-11-25,1961,1956-1965,Americas,1961 Tamarguillo flood
544,565,1959-08-07,1959,1956-1965,Americas,87 flood
545,566,1959-04-01,1959,1956-1965,Americas,1959 Uruguayan flood
546,567,1958-07-01,1958,1956-1965,Americas,1958 Yellow River flood
547,568,1957-07-25,1957,1956-1965,Americas,1957 Isahaya flood
548,569,1956-07-01,1956,1956-1965,Europe,Q1712301
549,570,1956-01-01,1956,1956-1965,Americas,1956 Murray River flood
550,571,1956-01-01,1956,1956-1965,Americas,Murray River floods in 1956
551,572,1955-02-28,1955,1946-1955,Americas,1955 Hunter Valley floods
552,573,1954-12-19,1954,1946-1955,Americas,Q15734363
553,574,1954-10-25,1954,1946-1955,Americas,Q3612697
554,575,1954-09-01,1954,1946-1955,Americas,1954 Yangtze River Floods
555,576,1954-08-17,1954,1946-1955,Middle East,Great Iran Flood
556,577,1954-07-07,1954,1946-1955,Europe,1954 Danube flood
557,578,1954-07-05,1954,1946-1955,Americas,1954 Vltava River floods
558,579,1953-10-13,1953,1946-1955,Europe,Q12252470
559,580,1953-08-15,1953,1946-1955,Americas,1953 South Yamashiro floods
560,581,1953-07-01,1953,1946-1955,Americas,1953 Wakayama flood
561,582,1953-06-25,1953,1946-1955,Americas,1953 North Kyushu Flood
562,583,1953-06-01,1953,1946-1955,Americas,Q133457163
563,584,1953-01-31,1953,1946-1955,Americas,North Sea flood of 1953
564,585,1951-11-14,1951,1946-1955,Americas,November 1951 Po River flood
565,586,1951-05-01,1951,1946-1955,Americas,Great Flood of 1951
566,587,1950-04-15,1950,1946-1955,Americas,1950 Red River Flood
567,588,1949-10-14,1949,1946-1955,Americas,1949 Eastern Guatemalan Floods
568,589,1949-01-01,1949,1946-1955,Americas,Q83404079
569,590,1947-06-01,1947,1946-1955,Americas,June 1947 Tasmanian floods
570,591,1947-03-22,1947,1946-1955,Americas,Hochwasserkatastrophe 1947 im Oderbruch
571,592,1947-03-01,1947,1946-1955,Americas,1947 Thames flood
572,593,1947-03-01,1947,1946-1955,Europe,Q136366659
573,594,1947-01-01,1947,1946-1955,Americas,The Saar flood
574,595,1946-01-01,1946,1946-1955,Europe,Q95630452
575,596,1943-01-01,1943,1936-1945,Americas,1943 Madras floods
576,597,1942-04-10,1942,1936-1945,Americas,The Flood on Dubravienka (1942)
577,598,1941-05-01,1941,1936-1945,Americas,1941 Porto Alegre flood
578,599,1940-10-16,1940,1936-1945,Americas,Flood of 1940
579,600,1940-01-01,1940,1936-1945,Americas,Flood on the Vltava and Elbe rivers (1940)
580,601,1938-07-01,1938,1936-1945,Americas,1938 Great Hanshin Flood
581,602,1938-06-01,1938,1936-1945,Americas,1938 Yellow River flood
582,603,1938-02-19,1938,1936-1945,Americas,Kopuawhara flash flood of 1938
583,604,1937-01-01,1937,1936-1945,Americas,Ohio River flood of 1937
584,606,1934-08-09,1934,1926-1935,Americas,1934 Tabriz flood
585,607,1934-07-01,1934,1926-1935,Americas,1934 flood in Poland
586,608,1931-04-01,1931,1926-1935,Americas,Q16347845
587,609,1931-02-01,1931,1926-1935,Americas,Q3612695
588,610,1931-01-01,1931,1926-1935,Americas,1931 China floods
589,611,1930-01-01,1930,1926-1935,Americas,flooding of the Tarn (1930)
590,612,1929-04-04,1929,1926-1935,Americas,1929 Tasmanian floods
591,613,1928-06-20,1928,1926-1935,Americas,Q16352736
592,614,1928-01-07,1928,1926-1935,Americas,1928 Thames flood
593,615,1927-11-02,1927,1926-1935,Americas,Great Vermont Flood of 1927
594,616,1927-01-01,1927,1926-1935,Americas,Great Mississippi Flood of 1927
595,617,1927-01-01,1927,1926-1935,Americas,flood in the Osterzgebirge in 1927
596,618,1926-11-22,1926,1926-1935,Americas,"Campi Bisenzio flood of November 22, 1926"
597,619,1926-01-03,1926,1926-1935,Americas,1926 flood in Venlo
598,620,1926-01-01,1926,1926-1935,Americas,Flood of León de los Aldama of 1926
599,621,2025-11-01,2025,2016-2026,Americas,2025 Sumatra floods and landslides
600,622,2025-11-01,2025,2016-2026,Americas,2025 Southeast Asia floods and landslides
601,623,2025-04-02,2025,2016-2026,Americas,"Tornado outbreak and floods of April 2–7, 2025"
602,624,2024-09-21,2024,2016-2026,Americas,2024 Noto flood
603,625,2024-03-06,2024,2016-2026,Middle East,2024 Afghanistan–Pakistan floods
604,626,2023-10-08,2023,2016-2026,Americas,October 2023 floods and mudslides in Cameroon
605,627,2021-08-01,2021,2016-2026,Americas,2021 Mérida floods
606,628,1997-08-31,1997,1996-2005,Americas,Flash flood at Fulufjället
607,629,2026-01-01,2026,2016-2026,Americas,Flood
608,630,2026-01-01,2026,2016-2026,Americas,Levee
609,631,2026-01-01,2026,2016-2026,Americas,"Mill River (Northampton, Massachusetts)"
610,632,2026-01-01,2026,2016-2026,Americas,Harry F. Byrd
611,633,2026-01-01,2026,2016-2026,Americas,Flood barrier
612,634,2026-01-01,2026,2016-2026,Americas,Taken at the Flood
613,635,2026-01-01,2026,2016-2026,Americas,Cyclone Wanda
614,636,2026-01-01,2026,2016-2026,Americas,Geography of the United States
615,637,2026-01-01,2026,2016-2026,Americas,April 2016 North American storm complex
616,638,2026-01-01,2026,2016-2026,Americas,Floods in Jakarta
617,639,2026-01-01,2026,2016-2026,Americas,2007 Midwest flooding
618,640,2026-01-01,2026,2016-2026,Americas,Krasnodar Krai
619,641,2026-01-01,2026,2016-2026,Americas,2017 Payson flash floods
620,642,2026-01-01,2026,2016-2026,Americas,Yellow River
621,643,2026-01-01,2026,2016-2026,Americas,2013 Alberta floods
622,644,2026-01-01,2026,2016-2026,Americas,1966 flood of the Arno
623,645,2026-01-01,2026,2016-2026,Americas,North Saskatchewan River flood of 1915
